{"cameraMode":{"drawMode":0,"name":"Shaded","section":"Shading Mode"},"sceneLighting":true,"audioPlay":false,"sceneViewState":{"m_AlwaysRefresh":false,"showFog":true,"showSkybox":true,"showFlares":true,"showImageEffects":true,"showParticleSystems":true,"showVisualEffectGraphs":true,"m_FxEnabled":true},"in2DMode":false,"pivot":{"x":0.31868234276771548,"y":2.5753836631774904,"z":-28.138050079345704},"rotation":{"x":0.22180604934692384,"y":0.033937226980924609,"z":-0.007724992465227842,"w":0.974449634552002},"size":0.13847845792770387,"orthographic":false}